region,date,consumption
Bretagne,2013-01-01,2595
Bretagne,2013-01-02,3195
Bretagne,2013-01-03,3157
Bretagne,2013-01-04,3142
Bretagne,2013-01-05,2859
Bretagne,2013-01-06,2794
Bretagne,2013-01-07,3398
Bretagne,2013-01-08,3434
Bretagne,2013-01-09,3382
Bretagne,2013-01-10,3311
Bretagne,2013-01-11,3382
Bretagne,2013-01-12,3070
Bretagne,2013-01-13,3160
Bretagne,2013-01-14,3559
Bretagne,2013-01-15,3598
Bretagne,2013-01-16,3704
Bretagne,2013-01-17,3953
Bretagne,2013-01-18,4091
Bretagne,2013-01-19,3852
Bretagne,2013-01-20,3561
Bretagne,2013-01-21,3848
Bretagne,2013-01-22,3745
Bretagne,2013-01-23,3715
Bretagne,2013-01-24,3699
Bretagne,2013-01-25,4108
Bretagne,2013-01-26,3281
Bretagne,2013-01-27,2800
Bretagne,2013-01-28,3438
Bretagne,2013-01-29,3289
Bretagne,2013-01-30,3058
Bretagne,2013-01-31,3190
Bretagne,2013-02-01,3218
Bretagne,2013-02-02,3070
Bretagne,2013-02-03,3075
Bretagne,2013-02-04,3230
Bretagne,2013-02-05,3550
Bretagne,2013-02-06,3719
Bretagne,2013-02-07,3829
Bretagne,2013-02-08,3661
Bretagne,2013-02-09,3267
Bretagne,2013-02-10,2922
Bretagne,2013-02-11,3287
Bretagne,2013-02-12,3629
Bretagne,2013-02-13,3537
Bretagne,2013-02-14,3186
Bretagne,2013-02-15,3336
Bretagne,2013-02-16,2994
Bretagne,2013-02-17,2891
Bretagne,2013-02-18,3263
Bretagne,2013-02-19,3478
Bretagne,2013-02-20,3499
Bretagne,2013-02-21,3739
Bretagne,2013-02-22,3846
Bretagne,2013-02-23,3819
Bretagne,2013-02-24,3537
Bretagne,2013-02-25,3738
Bretagne,2013-02-26,3750
Bretagne,2013-02-27,3786
Bretagne,2013-02-28,3760
Bretagne,2013-03-01,3799
Bretagne,2013-03-02,3547
Bretagne,2013-03-03,3357
Bretagne,2013-03-04,3521
Bretagne,2013-03-05,3252
Bretagne,2013-03-06,2995
Bretagne,2013-03-07,2919
Bretagne,2013-03-08,2829
Bretagne,2013-03-09,2513
Bretagne,2013-03-10,2436
Bretagne,2013-03-11,3451
Bretagne,2013-03-12,4086
Bretagne,2013-03-13,3993
Bretagne,2013-03-14,3608
Bretagne,2013-03-15,3723
Bretagne,2013-03-16,3117
Bretagne,2013-03-17,2847
Bretagne,2013-03-18,3339
Bretagne,2013-03-19,3454
Bretagne,2013-03-20,3353
Bretagne,2013-03-21,3424
Bretagne,2013-12-22,2616
Bretagne,2013-12-23,3073
Bretagne,2013-12-24,2785
Bretagne,2013-12-25,2717
Bretagne,2013-12-26,3139
Bretagne,2013-12-27,3044
Bretagne,2013-12-28,2965
Bretagne,2013-12-29,2862
Bretagne,2013-12-30,3067
Bretagne,2013-12-31,2992
Bretagne,2014-01-01,2772
Bretagne,2014-01-02,3010
Bretagne,2014-01-03,3052
Bretagne,2014-01-04,2961
Bretagne,2014-01-05,2881
Bretagne,2014-01-06,3090
Bretagne,2014-01-07,3169
Bretagne,2014-01-08,3192
Bretagne,2014-01-09,3191
Bretagne,2014-01-10,3408
Bretagne,2014-01-11,2917
Bretagne,2014-01-12,2804
Bretagne,2014-01-13,3305
Bretagne,2014-01-14,3516
Bretagne,2014-01-15,3327
Bretagne,2014-01-16,3327
Bretagne,2014-01-17,3356
Bretagne,2014-01-18,2966
Bretagne,2014-01-19,2918
Bretagne,2014-01-20,3558
Bretagne,2014-01-21,3611
Bretagne,2014-01-22,3254
Bretagne,2014-01-23,3551
Bretagne,2014-01-24,3338
Bretagne,2014-01-25,2711
Bretagne,2014-01-26,2745
Bretagne,2014-01-27,3464
Bretagne,2014-01-28,3596
Bretagne,2014-01-29,3611
Bretagne,2014-01-30,3476
Bretagne,2014-01-31,3697
Bretagne,2014-02-01,3082
Bretagne,2014-02-02,2950
Bretagne,2014-02-03,3388
Bretagne,2014-02-04,3489
Bretagne,2014-02-05,3613
Bretagne,2014-02-06,3556
Bretagne,2014-02-07,3344
Bretagne,2014-02-08,3074
Bretagne,2014-02-09,3035
Bretagne,2014-02-10,3239
Bretagne,2014-02-11,3456
Bretagne,2014-02-12,3532
Bretagne,2014-02-13,3558
Bretagne,2014-02-14,3458
Bretagne,2014-02-15,2907
Bretagne,2014-02-16,2824
Bretagne,2014-02-17,3170
Bretagne,2014-02-18,3238
Bretagne,2014-02-19,3206
Bretagne,2014-02-20,3121
Bretagne,2014-02-21,3288
Bretagne,2014-02-22,2827
Bretagne,2014-02-23,2576
Bretagne,2014-02-24,3006
Bretagne,2014-02-25,3219
Bretagne,2014-02-26,3293
Bretagne,2014-02-27,3255
Bretagne,2014-02-28,3477
Bretagne,2014-03-01,3120
Bretagne,2014-03-02,2885
Bretagne,2014-03-03,3374
Bretagne,2014-03-04,3297
Bretagne,2014-03-05,3026
Bretagne,2014-03-06,3074
Bretagne,2014-03-07,3042
Bretagne,2014-03-08,2476
Bretagne,2014-03-09,2182
Bretagne,2014-03-10,2622
Bretagne,2014-03-11,2789
Bretagne,2014-03-12,2842
Bretagne,2014-03-13,2834
Bretagne,2014-03-14,2889
Bretagne,2014-03-15,2452
Bretagne,2014-03-16,2263
Bretagne,2014-03-17,2665
Bretagne,2014-03-18,2862
Bretagne,2014-03-19,2801
Bretagne,2014-03-20,2823
Bretagne,2014-03-21,2770
Bretagne,2014-12-22,2908
Bretagne,2014-12-23,2951
Bretagne,2014-12-24,2812
Bretagne,2014-12-25,2490
Bretagne,2014-12-26,3011
Bretagne,2014-12-27,2930
Bretagne,2014-12-28,3026
Bretagne,2014-12-29,3695
Bretagne,2014-12-30,3800
Bretagne,2014-12-31,3748
Bretagne,2015-01-01,3171
Bretagne,2015-01-02,2980
Bretagne,2015-01-03,2858
Bretagne,2015-01-04,2540
Bretagne,2015-01-05,3104
Bretagne,2015-01-06,3267
Bretagne,2015-01-07,3550
Bretagne,2015-01-08,3195
Bretagne,2015-01-09,3083
Bretagne,2015-01-10,2640
Bretagne,2015-01-11,2644
Bretagne,2015-01-12,3115
Bretagne,2015-01-13,3086
Bretagne,2015-01-14,3332
Bretagne,2015-01-15,3306
Bretagne,2015-01-16,3441
Bretagne,2015-01-17,3252
Bretagne,2015-01-18,3098
Bretagne,2015-01-19,3565
Bretagne,2015-01-20,3757
Bretagne,2015-01-21,3761
Bretagne,2015-01-22,3680
Bretagne,2015-01-23,3701
Bretagne,2015-01-24,3176
Bretagne,2015-01-25,3129
Bretagne,2015-01-26,3251
Bretagne,2015-01-27,3299
Bretagne,2015-01-28,3355
Bretagne,2015-01-29,3544
Bretagne,2015-01-30,3644
Bretagne,2015-01-31,3381
Bretagne,2015-02-01,3251
Bretagne,2015-02-02,3774
Bretagne,2015-02-03,3788
Bretagne,2015-02-04,3789
Bretagne,2015-02-05,3856
Bretagne,2015-02-06,4056
Bretagne,2015-02-07,3590
Bretagne,2015-02-08,3126
Bretagne,2015-02-09,3507
Bretagne,2015-02-10,3654
Bretagne,2015-02-11,3601
Bretagne,2015-02-12,3646
Bretagne,2015-02-13,3467
Bretagne,2015-02-14,3058
Bretagne,2015-02-15,2864
Bretagne,2015-02-16,3447
Bretagne,2015-02-17,3441
Bretagne,2015-02-18,3424
Bretagne,2015-02-19,3481
Bretagne,2015-02-20,3372
Bretagne,2015-02-21,3152
Bretagne,2015-02-22,3163
Bretagne,2015-02-23,3346
Bretagne,2015-02-24,3526
Bretagne,2015-02-25,3247
Bretagne,2015-02-26,3236
Bretagne,2015-02-27,3333
Bretagne,2015-02-28,2889
Bretagne,2015-03-01,2572
Bretagne,2015-03-02,3093
Bretagne,2015-03-03,3138
Bretagne,2015-03-04,3235
Bretagne,2015-03-05,3218
Bretagne,2015-03-06,3095
Bretagne,2015-03-07,2678
Bretagne,2015-03-08,2398
Bretagne,2015-03-09,2730
Bretagne,2015-03-10,2932
Bretagne,2015-03-11,2903
Bretagne,2015-03-12,2897
Bretagne,2015-03-13,3068
Bretagne,2015-03-14,2921
Bretagne,2015-03-15,2821
Bretagne,2015-03-16,3227
Bretagne,2015-03-17,3053
Bretagne,2015-03-18,2968
Bretagne,2015-03-19,3087
Bretagne,2015-03-20,3271
Bretagne,2015-03-21,2824
Bretagne,2015-12-22,2785
Bretagne,2015-12-23,2727
Bretagne,2015-12-24,2637
Bretagne,2015-12-25,2276
Bretagne,2015-12-26,2283
Bretagne,2015-12-27,2221
Bretagne,2015-12-28,2634
Bretagne,2015-12-29,2683
Bretagne,2015-12-30,2710
Bretagne,2015-12-31,2779
Bretagne,2016-01-01,2614
Bretagne,2016-01-02,2726
Bretagne,2016-01-03,2647
Bretagne,2016-01-04,3140
Bretagne,2016-01-05,3287
Bretagne,2016-01-06,3271
Bretagne,2016-01-07,3186
Bretagne,2016-01-08,3254
Bretagne,2016-01-09,2876
Bretagne,2016-01-10,2755
Bretagne,2016-01-11,3357
Bretagne,2016-01-12,3476
Bretagne,2016-01-13,3625
Bretagne,2016-01-14,3551
Bretagne,2016-01-15,3719
Bretagne,2016-01-16,3326
Bretagne,2016-01-17,3187
Bretagne,2016-01-18,3705
Bretagne,2016-01-19,3815
Bretagne,2016-01-20,3802
Bretagne,2016-01-21,3912
Bretagne,2016-01-22,3514
Bretagne,2016-01-23,3110
Bretagne,2016-01-24,2504
Bretagne,2016-01-25,3006
Bretagne,2016-01-26,3188
Bretagne,2016-01-27,3157
Bretagne,2016-01-28,3167
Bretagne,2016-01-29,3239
Bretagne,2016-01-30,2843
Bretagne,2016-01-31,2562
Bretagne,2016-02-01,2969
Bretagne,2016-02-02,3013
Bretagne,2016-02-03,3241
Bretagne,2016-02-04,3296
Bretagne,2016-02-05,3105
Bretagne,2016-02-06,2764
Bretagne,2016-02-07,2713
Bretagne,2016-02-08,3166
Bretagne,2016-02-09,3381
Bretagne,2016-02-10,3493
Bretagne,2016-02-11,3481
Bretagne,2016-02-12,3290
Bretagne,2016-02-13,2955
Bretagne,2016-02-14,2774
Bretagne,2016-02-15,3423
Bretagne,2016-02-16,3579
Bretagne,2016-02-17,3711
Bretagne,2016-02-18,3517
Bretagne,2016-02-19,3517
Bretagne,2016-02-20,2865
Bretagne,2016-02-21,2557
Bretagne,2016-02-22,2998
Bretagne,2016-02-23,3136
Bretagne,2016-02-24,3411
Bretagne,2016-02-25,3455
Bretagne,2016-02-26,3501
Bretagne,2016-02-27,3216
Bretagne,2016-02-28,3087
Bretagne,2016-02-29,3427
Bretagne,2016-03-01,3399
Bretagne,2016-03-02,3290
Bretagne,2016-03-03,3402
Bretagne,2016-03-04,3291
Bretagne,2016-03-05,3082
Bretagne,2016-03-06,2937
Bretagne,2016-03-07,3381
Bretagne,2016-03-08,3493
Bretagne,2016-03-09,3434
Bretagne,2016-03-10,3433
Bretagne,2016-03-11,3343
Bretagne,2016-03-12,2967
Bretagne,2016-03-13,2740
Bretagne,2016-03-14,3185
Bretagne,2016-03-15,3179
Bretagne,2016-03-16,3119
Bretagne,2016-03-17,3159
Bretagne,2016-03-18,3083
Bretagne,2016-03-19,2882
Bretagne,2016-03-20,2725
Bretagne,2016-03-21,3117
Bretagne,2016-12-22,3164
Bretagne,2016-12-23,3246
Bretagne,2016-12-24,2792
Bretagne,2016-12-25,2501
Bretagne,2016-12-26,2735
Bretagne,2016-12-27,3290
Bretagne,2016-12-28,3570
Bretagne,2016-12-29,3664
Bretagne,2016-12-30,3805
Bretagne,2016-12-31,3726
Bretagne,2017-01-01,3334
Bretagne,2017-01-02,3552
Bretagne,2017-01-03,3984
Bretagne,2017-01-04,4111
Bretagne,2017-01-05,3799
Bretagne,2017-01-06,4046
Bretagne,2017-01-07,3676
Bretagne,2017-01-08,3062
Bretagne,2017-01-09,3470
Bretagne,2017-01-10,3450
Bretagne,2017-01-11,3296
Bretagne,2017-01-12,3455
Bretagne,2017-01-13,3693
Bretagne,2017-01-14,3345
Bretagne,2017-01-15,3053
Bretagne,2017-01-16,3314
Bretagne,2017-01-17,3523
Bretagne,2017-01-18,3958
Bretagne,2017-01-19,4085
Bretagne,2017-01-20,4301
Bretagne,2017-01-21,4031
Bretagne,2017-01-22,3593
Bretagne,2017-01-23,3964
Bretagne,2017-01-24,4036
Bretagne,2017-01-25,4194
Bretagne,2017-01-26,4256
Bretagne,2017-01-27,4075
Bretagne,2017-01-28,3296
Bretagne,2017-01-29,3148
Bretagne,2017-01-30,3238
Bretagne,2017-01-31,3161
Bretagne,2017-02-01,3135
Bretagne,2017-02-02,3197
Bretagne,2017-02-03,3344
Bretagne,2017-02-04,3011
Bretagne,2017-02-05,2985
Bretagne,2017-02-06,3650
Bretagne,2017-02-07,3453
Bretagne,2017-02-08,3566
Bretagne,2017-02-09,3714
Bretagne,2017-02-10,3800
Bretagne,2017-02-11,3601
Bretagne,2017-02-12,3537
Bretagne,2017-02-13,3489
Bretagne,2017-02-14,3177
Bretagne,2017-02-15,3070
Bretagne,2017-02-16,3137
Bretagne,2017-02-17,3127
Bretagne,2017-02-18,2725
Bretagne,2017-02-19,2717
Bretagne,2017-02-20,2970
Bretagne,2017-02-21,2975
Bretagne,2017-02-22,2984
Bretagne,2017-02-23,3007
Bretagne,2017-02-24,3095
Bretagne,2017-02-25,2835
Bretagne,2017-02-26,2545
Bretagne,2017-02-27,3181
Bretagne,2017-02-28,3391
Bretagne,2017-03-01,3330
Bretagne,2017-03-02,3242
Bretagne,2017-03-03,3083
Bretagne,2017-03-04,2736
Bretagne,2017-03-05,2662
Bretagne,2017-03-06,3013
Bretagne,2017-03-07,3232
Bretagne,2017-03-08,3070
Bretagne,2017-03-09,2907
Bretagne,2017-03-10,2769
Bretagne,2017-03-11,2383
Bretagne,2017-03-12,2338
Bretagne,2017-03-13,2766
Bretagne,2017-03-14,3001
Bretagne,2017-03-15,2883
Bretagne,2017-03-16,2801
Bretagne,2017-03-17,2704
Bretagne,2017-03-18,2461
Bretagne,2017-03-19,2256
Bretagne,2017-03-20,2772
Bretagne,2017-03-21,2861
Bretagne,2017-12-22,3206
Bretagne,2017-12-23,2792
Bretagne,2017-12-24,2632
Bretagne,2017-12-25,2616
Bretagne,2017-12-26,3197
Bretagne,2017-12-27,3449
Bretagne,2017-12-28,3645
Bretagne,2017-12-29,3310
Bretagne,2017-12-30,2782
Bretagne,2017-12-31,2635
Bretagne,2018-01-01,2718
Bretagne,2018-01-02,3059
Bretagne,2018-01-03,3149
Bretagne,2018-01-04,3073
Bretagne,2018-01-05,3120
Bretagne,2018-01-06,3058
Bretagne,2018-01-07,3105
Bretagne,2018-01-08,3563
Bretagne,2018-01-09,3527
Bretagne,2018-01-10,3344
Bretagne,2018-01-11,3362
Bretagne,2018-01-12,3674
Bretagne,2018-01-13,3322
Bretagne,2018-01-14,3107
Bretagne,2018-01-15,3465
Bretagne,2018-01-16,3359
Bretagne,2018-01-17,3553
Bretagne,2018-01-18,3349
Bretagne,2018-01-19,3407
Bretagne,2018-01-20,2956
Bretagne,2018-01-21,2628
Bretagne,2018-01-22,3001
Bretagne,2018-01-23,3117
Bretagne,2018-01-24,3087
Bretagne,2018-01-25,3220
Bretagne,2018-01-26,3367
Bretagne,2018-01-27,3102
Bretagne,2018-01-28,2629
Bretagne,2018-01-29,3059
Bretagne,2018-01-30,3122
Bretagne,2018-01-31,3246
Bretagne,2018-02-01,3532
Bretagne,2018-02-02,3567
Bretagne,2018-02-03,3202
Bretagne,2018-02-04,3141
Bretagne,2018-02-05,3855
Bretagne,2018-02-06,4066
Bretagne,2018-02-07,3998
Bretagne,2018-02-08,3899
Bretagne,2018-02-09,3697
Bretagne,2018-02-10,3427
Bretagne,2018-02-11,3015
Bretagne,2018-02-12,3670
Bretagne,2018-02-13,3793
Bretagne,2018-02-14,3869
Bretagne,2018-02-15,3387
Bretagne,2018-02-16,3619
Bretagne,2018-02-17,3044
Bretagne,2018-02-18,2836
Bretagne,2018-02-19,3211
Bretagne,2018-02-20,3287
Bretagne,2018-02-21,3403
Bretagne,2018-02-22,3686
Bretagne,2018-02-23,3820
Bretagne,2018-02-24,3557
Bretagne,2018-02-25,3371
Bretagne,2018-02-26,4039
Bretagne,2018-02-27,4335
Bretagne,2018-02-28,4593
Bretagne,2018-03-01,4655
Bretagne,2018-03-02,4041
Bretagne,2018-03-03,3319
Bretagne,2018-03-04,2876
Bretagne,2018-03-05,3305
Bretagne,2018-03-06,3496
Bretagne,2018-03-07,3388
Bretagne,2018-03-08,3338
Bretagne,2018-03-09,3170
Bretagne,2018-03-10,2550
Bretagne,2018-03-11,2481
Bretagne,2018-03-12,3056
Bretagne,2018-03-13,3064
Bretagne,2018-03-14,3157
Bretagne,2018-03-15,3102
Bretagne,2018-03-16,3127
Bretagne,2018-03-17,2993
Bretagne,2018-03-18,3005
Bretagne,2018-03-19,3850
Bretagne,2018-03-20,3833
Bretagne,2018-03-21,3636
Bretagne,2018-12-22,2656
Bretagne,2018-12-23,2495
Bretagne,2018-12-24,2569
Bretagne,2018-12-25,2450
Bretagne,2018-12-26,3160
Bretagne,2018-12-27,3457
Bretagne,2018-12-28,3405
Bretagne,2018-12-29,3136
Bretagne,2018-12-30,2779
Bretagne,2018-12-31,2923
Bretagne,2019-01-01,2700
Bretagne,2019-01-02,3173
Bretagne,2019-01-03,3621
Bretagne,2019-01-04,3840
Bretagne,2019-01-05,3632
Bretagne,2019-01-06,3284
Bretagne,2019-01-07,3553
Bretagne,2019-01-08,3409
Bretagne,2019-01-09,3534
Bretagne,2019-01-10,3715
Bretagne,2019-01-11,3571
Bretagne,2019-01-12,3062
Bretagne,2019-01-13,2801
Bretagne,2019-01-14,3245
Bretagne,2019-01-15,3399
Bretagne,2019-01-16,3479
Bretagne,2019-01-17,3536
Bretagne,2019-01-18,3745
Bretagne,2019-01-19,3189
Bretagne,2019-01-20,3037
Bretagne,2019-01-21,3698
Bretagne,2019-01-22,3631
Bretagne,2019-01-23,3640
Bretagne,2019-01-24,3703
Bretagne,2019-01-25,3328
Bretagne,2019-01-26,2947
Bretagne,2019-01-27,2986
Bretagne,2019-01-28,3478
Bretagne,2019-01-29,3731
Bretagne,2019-01-30,3892
Bretagne,2019-01-31,4048
Bretagne,2019-02-01,3877
Bretagne,2019-02-02,3509
Bretagne,2019-02-03,3283
Bretagne,2019-02-04,3652
Bretagne,2019-02-05,3648
Bretagne,2019-02-06,3359
Bretagne,2019-02-07,3353
Bretagne,2019-02-08,3346
Bretagne,2019-02-09,2979
Bretagne,2019-02-10,2818
Bretagne,2019-02-11,3371
Bretagne,2019-02-12,3444
Bretagne,2019-02-13,3391
Bretagne,2019-02-14,3394
Bretagne,2019-02-15,3191
Bretagne,2019-02-16,2835
Bretagne,2019-02-17,2617
Bretagne,2019-02-18,3140
Bretagne,2019-02-19,3343
Bretagne,2019-02-20,3293
Bretagne,2019-02-21,3172
Bretagne,2019-02-22,3086
Bretagne,2019-02-23,2590
Bretagne,2019-02-24,2413
Bretagne,2019-02-25,2908
Bretagne,2019-02-26,2928
Bretagne,2019-02-27,2830
Bretagne,2019-02-28,2817
Bretagne,2019-03-01,2850
Bretagne,2019-03-02,2457
Bretagne,2019-03-03,2390
Bretagne,2019-03-04,3057
Bretagne,2019-03-05,3136
Bretagne,2019-03-06,3031
Bretagne,2019-03-07,3077
Bretagne,2019-03-08,3199
Bretagne,2019-03-09,2645
Bretagne,2019-03-10,2397
Bretagne,2019-03-11,2953
Bretagne,2019-03-12,3222
Bretagne,2019-03-13,3291
Bretagne,2019-03-14,3267
Bretagne,2019-03-15,3063
Bretagne,2019-03-16,2676
Bretagne,2019-03-17,2631
Bretagne,2019-03-18,3223
Bretagne,2019-03-19,3187
Bretagne,2019-03-20,3061
Bretagne,2019-03-21,2952
Bretagne,2019-12-22,2863
Bretagne,2019-12-23,3195
Bretagne,2019-12-24,2877
Bretagne,2019-12-25,2602
Bretagne,2019-12-26,2956
Bretagne,2019-12-27,2888
Bretagne,2019-12-28,2857
Bretagne,2019-12-29,3023
Bretagne,2019-12-30,3618
Bretagne,2019-12-31,3535
Bretagne,2020-01-01,2844
Bretagne,2020-01-02,3099
Bretagne,2020-01-03,3140
Bretagne,2020-01-04,3139
Bretagne,2020-01-05,3027
Bretagne,2020-01-06,3610
Bretagne,2020-01-07,3341
Bretagne,2020-01-08,3116
Bretagne,2020-01-09,3074
Bretagne,2020-01-10,3241
Bretagne,2020-01-11,3043
Bretagne,2020-01-12,2671
Bretagne,2020-01-13,3270
Bretagne,2020-01-14,3228
Bretagne,2020-01-15,3152
Bretagne,2020-01-16,3266
Bretagne,2020-01-17,3221
Bretagne,2020-01-18,3144
Bretagne,2020-01-19,3110
Bretagne,2020-01-20,3618
Bretagne,2020-01-21,3632
Bretagne,2020-01-22,3810
Bretagne,2020-01-23,3939
Bretagne,2020-01-24,3953
Bretagne,2020-01-25,3414
Bretagne,2020-01-26,2983
Bretagne,2020-01-27,3364
Bretagne,2020-01-28,3610
Bretagne,2020-01-29,3406
Bretagne,2020-01-30,3214
Bretagne,2020-01-31,3105
Bretagne,2020-02-01,2656
Bretagne,2020-02-02,2469
Bretagne,2020-02-03,2954
Bretagne,2020-02-04,3227
Bretagne,2020-02-05,3328
Bretagne,2020-02-06,3432
Bretagne,2020-02-07,3578
Bretagne,2020-02-08,2858
Bretagne,2020-02-09,2776
Bretagne,2020-02-10,3203
Bretagne,2020-02-11,3393
Bretagne,2020-02-12,3442
Bretagne,2020-02-13,3374
Bretagne,2020-02-14,3192
Bretagne,2020-02-15,2764
Bretagne,2020-02-16,2582
Bretagne,2020-02-17,3151
Bretagne,2020-02-18,3303
Bretagne,2020-02-19,3232
Bretagne,2020-02-20,3222
Bretagne,2020-02-21,3368
Bretagne,2020-02-22,2893
Bretagne,2020-02-23,2564
Bretagne,2020-02-24,2954
Bretagne,2020-02-25,3099
Bretagne,2020-02-26,3398
Bretagne,2020-02-27,3243
Bretagne,2020-02-28,3300
Bretagne,2020-02-29,2874
Bretagne,2020-03-01,2867
Bretagne,2020-03-02,3237
Bretagne,2020-03-03,3471
Bretagne,2020-03-04,3338
Bretagne,2020-03-05,3265
Bretagne,2020-03-06,3442
Bretagne,2020-03-07,2955
Bretagne,2020-03-08,2632
Bretagne,2020-03-09,3201
Bretagne,2020-03-10,3100
Bretagne,2020-03-11,2961
Bretagne,2020-03-12,2967
Bretagne,2020-03-13,3139
Bretagne,2020-03-14,2699
Bretagne,2020-03-15,2555
Bretagne,2020-03-16,2909
Bretagne,2020-03-17,2933
Bretagne,2020-03-18,2737
Bretagne,2020-03-19,2618
Bretagne,2020-03-20,2529
Bretagne,2020-03-21,2467
Bretagne,2020-12-22,2905
Bretagne,2020-12-23,2966
Bretagne,2020-12-24,3088
Bretagne,2020-12-25,3047
Bretagne,2020-12-26,3154
Bretagne,2020-12-27,2965
Bretagne,2020-12-28,3507
Bretagne,2020-12-29,3582
Bretagne,2020-12-30,3648
Bretagne,2020-12-31,3517
Bretagne,2021-01-01,3491
Bretagne,2021-01-02,3639
Bretagne,2021-01-03,3556
Bretagne,2021-01-04,4105
Bretagne,2021-01-05,4152
Bretagne,2021-01-06,4197
Bretagne,2021-01-07,4264
Bretagne,2021-01-08,4318
Bretagne,2021-01-09,3957
Bretagne,2021-01-10,3796
Bretagne,2021-01-11,4089
Bretagne,2021-01-12,3699
Bretagne,2021-01-13,3476
Bretagne,2021-01-14,3366
Bretagne,2021-01-15,3541
Bretagne,2021-01-16,3252
Bretagne,2021-01-17,3021
Bretagne,2021-01-18,3625
Bretagne,2021-01-19,3414
Bretagne,2021-01-20,3316
Bretagne,2021-01-21,3535
Bretagne,2021-01-22,3561
Bretagne,2021-01-23,3306
Bretagne,2021-01-24,3312
Bretagne,2021-01-25,3803
Bretagne,2021-01-26,4002
Bretagne,2021-01-27,3521
Bretagne,2021-01-28,3166
Bretagne,2021-01-29,3053
Bretagne,2021-01-30,2766
Bretagne,2021-01-31,2706
Bretagne,2021-02-01,3084
Bretagne,2021-02-02,3030
Bretagne,2021-02-03,3099
Bretagne,2021-02-04,3170
Bretagne,2021-02-05,3155
Bretagne,2021-02-06,2972
Bretagne,2021-02-07,3126
Bretagne,2021-02-08,3883
Bretagne,2021-02-09,4299
Bretagne,2021-02-10,4318
Bretagne,2021-02-11,4809
Bretagne,2021-02-12,4540
Bretagne,2021-02-13,4307
Bretagne,2021-02-14,3851
Bretagne,2021-02-15,3641
Bretagne,2021-02-16,3469
Bretagne,2021-02-17,3312
Bretagne,2021-02-18,3285
Bretagne,2021-02-19,3319
Bretagne,2021-02-20,2751
Bretagne,2021-02-21,2576
Bretagne,2021-02-22,3050
Bretagne,2021-02-23,3075
Bretagne,2021-02-24,2818
Bretagne,2021-02-25,2989
Bretagne,2021-02-26,3105
Bretagne,2021-02-27,2846
Bretagne,2021-02-28,2735
Bretagne,2021-03-01,3062
Bretagne,2021-03-02,3019
Bretagne,2021-03-03,2946
Bretagne,2021-03-04,3038
Bretagne,2021-03-05,3266
Bretagne,2021-03-06,3060
Bretagne,2021-03-07,3029
Bretagne,2021-03-08,3516
Bretagne,2021-03-09,3526
Bretagne,2021-03-10,3554
Bretagne,2021-03-11,3137
Bretagne,2021-03-12,3210
Bretagne,2021-03-13,2875
Bretagne,2021-03-14,2785
Bretagne,2021-03-15,2970
Bretagne,2021-03-16,2894
Bretagne,2021-03-17,2886
Bretagne,2021-03-18,3096
Bretagne,2021-03-19,2986
Bretagne,2021-03-20,2798
Bretagne,2021-03-21,2719
Bretagne,2021-12-22,4246
Bretagne,2021-12-23,3816
Bretagne,2021-12-24,3185
Bretagne,2021-12-25,2709
Bretagne,2021-12-26,2626
Bretagne,2021-12-27,2895
Bretagne,2021-12-28,2917
Bretagne,2021-12-29,2805
Bretagne,2021-12-30,2757
Bretagne,2021-12-31,2727
Bretagne,2022-01-01,2406
Bretagne,2022-01-02,2433
Bretagne,2022-01-03,2980
Bretagne,2022-01-04,3268
Bretagne,2022-01-05,3689
Bretagne,2022-01-06,3768
Bretagne,2022-01-07,3562
Bretagne,2022-01-08,3145
Bretagne,2022-01-09,3048
Bretagne,2022-01-10,3256
Bretagne,2022-01-11,3257
Bretagne,2022-01-12,3254
Bretagne,2022-01-13,3381
Bretagne,2022-01-14,3887
Bretagne,2022-01-15,3581
Bretagne,2022-01-16,3191
Bretagne,2022-01-17,3494
Bretagne,2022-01-18,3728
Bretagne,2022-01-19,3672
Bretagne,2022-01-20,3657
Bretagne,2022-01-21,3839
Bretagne,2022-01-22,3569
Bretagne,2022-01-23,3319
Bretagne,2022-01-24,3933
Bretagne,2022-01-25,4138
Bretagne,2022-01-26,4090
Bretagne,2022-01-27,3952
Bretagne,2022-01-28,3527
Bretagne,2022-01-29,3050
Bretagne,2022-01-30,2837
Bretagne,2022-01-31,3396
Bretagne,2022-02-01,3434
Bretagne,2022-02-02,3335
Bretagne,2022-02-03,3399
Bretagne,2022-02-04,3330
Bretagne,2022-02-05,3118
Bretagne,2022-02-06,2820
Bretagne,2022-02-07,3098
Bretagne,2022-02-08,3213
Bretagne,2022-02-09,3318
Bretagne,2022-02-10,3379
Bretagne,2022-02-11,3568
Bretagne,2022-02-12,3316
Bretagne,2022-02-13,3017
Bretagne,2022-02-14,3292
Bretagne,2022-02-15,3473
Bretagne,2022-02-16,3175
Bretagne,2022-02-17,3007
Bretagne,2022-02-18,3087
Bretagne,2022-02-19,3092
Bretagne,2022-02-20,2770
Bretagne,2022-02-21,3269
Bretagne,2022-02-22,3177
Bretagne,2022-02-23,3298
Bretagne,2022-02-24,3298
Bretagne,2022-02-25,3402
Bretagne,2022-02-26,3017
Bretagne,2022-02-27,2896
Bretagne,2022-02-28,3149
Bretagne,2022-03-01,3127
Bretagne,2022-03-02,3062
Bretagne,2022-03-03,3125
Bretagne,2022-03-04,3130
Bretagne,2022-03-05,3048
Bretagne,2022-03-06,2980
Bretagne,2022-03-07,3514
Bretagne,2022-03-08,3519
Bretagne,2022-03-09,3254
Bretagne,2022-03-10,3124
Bretagne,2022-03-11,3035
Bretagne,2022-03-12,2738
Bretagne,2022-03-13,2604
Bretagne,2022-03-14,2889
Bretagne,2022-03-15,2892
Bretagne,2022-03-16,2983
Bretagne,2022-03-17,3009
Bretagne,2022-03-18,2904
Bretagne,2022-03-19,2617
Bretagne,2022-03-20,2379
Bretagne,2022-03-21,2592
Bretagne,2022-12-22,2795
Bretagne,2022-12-23,2589
Bretagne,2022-12-24,2330
Bretagne,2022-12-25,2167
Bretagne,2022-12-26,2621
Bretagne,2022-12-27,2911
Bretagne,2022-12-28,2821
Bretagne,2022-12-29,2812
Bretagne,2022-12-30,2740
Bretagne,2022-12-31,2278
Bretagne,2023-01-01,2306
Bretagne,2023-01-02,2702
Bretagne,2023-01-03,3049
Bretagne,2023-01-04,2904
Bretagne,2023-01-05,2833
Bretagne,2023-01-06,2825
Bretagne,2023-01-07,2581
Bretagne,2023-01-08,2645
Bretagne,2023-01-09,3211
Bretagne,2023-01-10,3131
Bretagne,2023-01-11,2987
Bretagne,2023-01-12,3032
Bretagne,2023-01-13,3007
Bretagne,2023-01-14,2648
Bretagne,2023-01-15,2775
Bretagne,2023-01-16,3327
Bretagne,2023-01-17,3605
Bretagne,2023-01-18,3865
Bretagne,2023-01-19,3878
Bretagne,2023-01-20,3945
Bretagne,2023-01-21,3484
Bretagne,2023-01-22,3626
Bretagne,2023-01-23,4043
Bretagne,2023-01-24,3914
Bretagne,2023-01-25,3894
Bretagne,2023-01-26,3664
Bretagne,2023-01-27,3590
Bretagne,2023-01-28,3352
Bretagne,2023-01-29,3198
Bretagne,2023-01-30,3409
Bretagne,2023-01-31,3271
Bretagne,2023-02-01,3274
Bretagne,2023-02-02,3279
Bretagne,2023-02-03,3179
Bretagne,2023-02-04,2841
Bretagne,2023-02-05,2684
Bretagne,2023-02-06,3297
Bretagne,2023-02-07,3499
Bretagne,2023-02-08,3635
Bretagne,2023-02-09,3538
Bretagne,2023-02-10,3221
Bretagne,2023-02-11,2825
Bretagne,2023-02-12,2778
Bretagne,2023-02-13,3200
Bretagne,2023-02-14,3095
Bretagne,2023-02-15,2976
Bretagne,2023-02-16,2865
Bretagne,2023-02-17,2770
Bretagne,2023-02-18,2517
Bretagne,2023-02-19,2391
Bretagne,2023-02-20,3060
Bretagne,2023-02-21,3173
Bretagne,2023-02-22,3107
Bretagne,2023-02-23,3447
Bretagne,2023-02-24,3180
Bretagne,2023-02-25,2986
Bretagne,2023-02-26,2994
Bretagne,2023-02-27,3527
Bretagne,2023-02-28,3651
Bretagne,2023-03-01,3657
Bretagne,2023-03-02,3606
Bretagne,2023-03-03,3390
Bretagne,2023-03-04,3079
Bretagne,2023-03-05,2984
Bretagne,2023-03-06,3421
Bretagne,2023-03-07,3302
Bretagne,2023-03-08,2974
Bretagne,2023-03-09,2929
Bretagne,2023-03-10,3178
Bretagne,2023-03-11,2791
Bretagne,2023-03-12,2445
Bretagne,2023-03-13,2712
Bretagne,2023-03-14,2844
Bretagne,2023-03-15,2959
Bretagne,2023-03-16,2784
Bretagne,2023-03-17,2609
Bretagne,2023-03-18,2309
Bretagne,2023-03-19,2206
Bretagne,2023-03-20,2672
Bretagne,2023-03-21,2618
